app,timestamp,datetime
qrdisplay,1787533288.279921,2026-08-23 21:01:28
tempus,1787533588.279921,2026-08-23 21:06:28
textdisplay,1787533888.279921,2026-08-23 21:11:28
textdisplay,1787534188.279921,2026-08-23 21:16:28
wordclock,1787534488.279921,2026-08-23 21:21:28
textdisplay,1787534788.279921,2026-08-23 21:26:28
textdisplay,1787535088.279921,2026-08-23 21:31:28
tempus,1787535388.279921,2026-08-23 21:36:28
photodisplay,1787535688.279921,2026-08-23 21:41:28
photodisplay,1787535988.279921,2026-08-23 21:46:28
tempus,1787536288.279921,2026-08-23 21:51:28
textdisplay,1787536588.279921,2026-08-23 21:56:28
photodisplay,1787536888.279921,2026-08-23 22:01:28
qrdisplay,1787537188.279921,2026-08-23 22:06:28
tempus,1787537488.279921,2026-08-23 22:11:28
qrdisplay,1787537788.279921,2026-08-23 22:16:28
qrdisplay,1787538088.279921,2026-08-23 22:21:28
textdisplay,1787538388.279921,2026-08-23 22:26:28
photodisplay,1787538688.279921,2026-08-23 22:31:28
textdisplay,1787538988.279921,2026-08-23 22:36:28
qrdisplay,1787539288.279921,2026-08-23 22:41:28
textdisplay,1787539588.279921,2026-08-23 22:46:28
qrdisplay,1787539888.279921,2026-08-23 22:51:28
photodisplay,1787540188.279921,2026-08-23 22:56:28
tempus,1787540488.279921,2026-08-23 23:01:28
photodisplay,1787540788.279921,2026-08-23 23:06:28
wordclock,1787541088.279921,2026-08-23 23:11:28
wordclock,1787541388.279921,2026-08-23 23:16:28
photodisplay,1787541688.279921,2026-08-23 23:21:28
tempus,1787541988.279921,2026-08-23 23:26:28
qrdisplay,1787542288.279921,2026-08-23 23:31:28
textdisplay,1787542588.279921,2026-08-23 23:36:28
photodisplay,1787542888.279921,2026-08-23 23:41:28
textdisplay,1787543188.279921,2026-08-23 23:46:28
textdisplay,1787543488.279921,2026-08-23 23:51:28
qrdisplay,1787543788.279921,2026-08-23 23:56:28
qrdisplay,1787544088.279921,2026-08-24 00:01:28
tempus,1787544388.279921,2026-08-24 00:06:28
wordclock,1787544688.279921,2026-08-24 00:11:28
tempus,1787544988.279921,2026-08-24 00:16:28
photodisplay,1787545288.279921,2026-08-24 00:21:28
tempus,1787545588.279921,2026-08-24 00:26:28
textdisplay,1787545888.279921,2026-08-24 00:31:28
tempus,1787546188.279921,2026-08-24 00:36:28
wordclock,1787546488.279921,2026-08-24 00:41:28
qrdisplay,1787546788.279921,2026-08-24 00:46:28
tempus,1787547088.279921,2026-08-24 00:51:28
photodisplay,1787547388.279921,2026-08-24 00:56:28
qrdisplay,1787547688.279921,2026-08-24 01:01:28
qrdisplay,1787547988.279921,2026-08-24 01:06:28
qrdisplay,1787548288.279921,2026-08-24 01:11:28
tempus,1787548588.279921,2026-08-24 01:16:28
tempus,1787548888.279921,2026-08-24 01:21:28
tempus,1787549188.279921,2026-08-24 01:26:28
qrdisplay,1787549488.279921,2026-08-24 01:31:28
wordclock,1787549788.279921,2026-08-24 01:36:28
tempus,1787550088.279921,2026-08-24 01:41:28
textdisplay,1787550388.279921,2026-08-24 01:46:28
photodisplay,1787550688.279921,2026-08-24 01:51:28
photodisplay,1787550988.279921,2026-08-24 01:56:28
textdisplay,1787551288.279921,2026-08-24 02:01:28
photodisplay,1787551588.279921,2026-08-24 02:06:28
textdisplay,1787551888.279921,2026-08-24 02:11:28
textdisplay,1787552188.279921,2026-08-24 02:16:28
wordclock,1787552488.279921,2026-08-24 02:21:28
wordclock,1787552788.279921,2026-08-24 02:26:28
tempus,1787553088.279921,2026-08-24 02:31:28
qrdisplay,1787553388.279921,2026-08-24 02:36:28
textdisplay,1787553688.279921,2026-08-24 02:41:28
wordclock,1787553988.279921,2026-08-24 02:46:28
wordclock,1787554288.279921,2026-08-24 02:51:28
textdisplay,1787554588.279921,2026-08-24 02:56:28
textdisplay,1787554888.279921,2026-08-24 03:01:28
photodisplay,1787555188.279921,2026-08-24 03:06:28
tempus,1787555488.279921,2026-08-24 03:11:28
tempus,1787555788.279921,2026-08-24 03:16:28
textdisplay,1787556088.279921,2026-08-24 03:21:28
qrdisplay,1787556388.279921,2026-08-24 03:26:28
wordclock,1787556688.279921,2026-08-24 03:31:28
tempus,1787556988.279921,2026-08-24 03:36:28
textdisplay,1787557288.279921,2026-08-24 03:41:28
textdisplay,1787557588.279921,2026-08-24 03:46:28
wordclock,1787557888.279921,2026-08-24 03:51:28
tempus,1787558188.279921,2026-08-24 03:56:28
textdisplay,1787558488.279921,2026-08-24 04:01:28
wordclock,1787558788.279921,2026-08-24 04:06:28
textdisplay,1787559088.279921,2026-08-24 04:11:28
wordclock,1787559388.279921,2026-08-24 04:16:28
tempus,1787559688.279921,2026-08-24 04:21:28
qrdisplay,1787559988.279921,2026-08-24 04:26:28
wordclock,1787560288.279921,2026-08-24 04:31:28
tempus,1787560588.279921,2026-08-24 04:36:28
qrdisplay,1787560888.279921,2026-08-24 04:41:28
wordclock,1787561188.279921,2026-08-24 04:46:28
textdisplay,1787561488.279921,2026-08-24 04:51:28
tempus,1787561788.279921,2026-08-24 04:56:28
photodisplay,1787562088.279921,2026-08-24 05:01:28
tempus,1787562388.279921,2026-08-24 05:06:28
tempus,1787562688.279921,2026-08-24 05:11:28
qrdisplay,1787562988.279921,2026-08-24 05:16:28
textdisplay,1787563288.279921,2026-08-24 05:21:28
tempus,1787563588.279921,2026-08-24 05:26:28
wordclock,1787563888.279921,2026-08-24 05:31:28
wordclock,1787564188.279921,2026-08-24 05:36:28
textdisplay,1787564488.279921,2026-08-24 05:41:28
wordclock,1787564788.279921,2026-08-24 05:46:28
qrdisplay,1787565088.279921,2026-08-24 05:51:28
tempus,1787565388.279921,2026-08-24 05:56:28
wordclock,1787565688.279921,2026-08-24 06:01:28
photodisplay,1787565988.279921,2026-08-24 06:06:28
wordclock,1787566288.279921,2026-08-24 06:11:28
photodisplay,1787566588.279921,2026-08-24 06:16:28
photodisplay,1787566888.279921,2026-08-24 06:21:28
textdisplay,1787567188.279921,2026-08-24 06:26:28
tempus,1787567488.279921,2026-08-24 06:31:28
tempus,1787567788.279921,2026-08-24 06:36:28
photodisplay,1787568088.279921,2026-08-24 06:41:28
photodisplay,1787568388.279921,2026-08-24 06:46:28
qrdisplay,1787568688.279921,2026-08-24 06:51:28
tempus,1787568988.279921,2026-08-24 06:56:28
textdisplay,1787569288.279921,2026-08-24 07:01:28
qrdisplay,1787569588.279921,2026-08-24 07:06:28
wordclock,1787569888.279921,2026-08-24 07:11:28
wordclock,1787570188.279921,2026-08-24 07:16:28
photodisplay,1787570488.279921,2026-08-24 07:21:28
wordclock,1787570788.279921,2026-08-24 07:26:28
textdisplay,1787571088.279921,2026-08-24 07:31:28
photodisplay,1787571388.279921,2026-08-24 07:36:28
wordclock,1787571688.279921,2026-08-24 07:41:28
qrdisplay,1787571988.279921,2026-08-24 07:46:28
wordclock,1787572288.279921,2026-08-24 07:51:28
textdisplay,1787572588.279921,2026-08-24 07:56:28
qrdisplay,1787572888.279921,2026-08-24 08:01:28
photodisplay,1787573188.279921,2026-08-24 08:06:28
tempus,1787573488.279921,2026-08-24 08:11:28
textdisplay,1787573788.279921,2026-08-24 08:16:28
photodisplay,1787574088.279921,2026-08-24 08:21:28
photodisplay,1787574388.279921,2026-08-24 08:26:28
photodisplay,1787574688.279921,2026-08-24 08:31:28
tempus,1787574988.279921,2026-08-24 08:36:28
wordclock,1787575288.279921,2026-08-24 08:41:28
wordclock,1787575588.279921,2026-08-24 08:46:28
textdisplay,1787575888.279921,2026-08-24 08:51:28
textdisplay,1787576188.279921,2026-08-24 08:56:28
textdisplay,1787576488.279921,2026-08-24 09:01:28
wordclock,1787576788.279921,2026-08-24 09:06:28
photodisplay,1787577088.279921,2026-08-24 09:11:28
tempus,1787577388.279921,2026-08-24 09:16:28
wordclock,1787577688.279921,2026-08-24 09:21:28
textdisplay,1787577988.279921,2026-08-24 09:26:28
qrdisplay,1787578288.279921,2026-08-24 09:31:28
textdisplay,1787578588.279921,2026-08-24 09:36:28
wordclock,1787578888.279921,2026-08-24 09:41:28
textdisplay,1787579188.279921,2026-08-24 09:46:28
tempus,1787579488.279921,2026-08-24 09:51:28
wordclock,1787579788.279921,2026-08-24 09:56:28
qrdisplay,1787580088.279921,2026-08-24 10:01:28
photodisplay,1787580388.279921,2026-08-24 10:06:28
textdisplay,1787580688.279921,2026-08-24 10:11:28
tempus,1787580988.279921,2026-08-24 10:16:28
photodisplay,1787581288.279921,2026-08-24 10:21:28
qrdisplay,1787581588.279921,2026-08-24 10:26:28
wordclock,1787581888.279921,2026-08-24 10:31:28
photodisplay,1787582188.279921,2026-08-24 10:36:28
textdisplay,1787582488.279921,2026-08-24 10:41:28
photodisplay,1787582788.279921,2026-08-24 10:46:28
textdisplay,1787583088.279921,2026-08-24 10:51:28
qrdisplay,1787583388.279921,2026-08-24 10:56:28
tempus,1787583688.279921,2026-08-24 11:01:28
photodisplay,1787583988.279921,2026-08-24 11:06:28
wordclock,1787584288.279921,2026-08-24 11:11:28
qrdisplay,1787584588.279921,2026-08-24 11:16:28
qrdisplay,1787584888.279921,2026-08-24 11:21:28
textdisplay,1787585188.279921,2026-08-24 11:26:28
photodisplay,1787585488.279921,2026-08-24 11:31:28
photodisplay,1787585788.279921,2026-08-24 11:36:28
tempus,1787586088.279921,2026-08-24 11:41:28
wordclock,1787586388.279921,2026-08-24 11:46:28
wordclock,1787586688.279921,2026-08-24 11:51:28
qrdisplay,1787586988.279921,2026-08-24 11:56:28
tempus,1787587288.279921,2026-08-24 12:01:28
wordclock,1787587588.279921,2026-08-24 12:06:28
wordclock,1787587888.279921,2026-08-24 12:11:28
textdisplay,1787588188.279921,2026-08-24 12:16:28
textdisplay,1787588488.279921,2026-08-24 12:21:28
photodisplay,1787588788.279921,2026-08-24 12:26:28
textdisplay,1787589088.279921,2026-08-24 12:31:28
qrdisplay,1787589388.279921,2026-08-24 12:36:28
tempus,1787589688.279921,2026-08-24 12:41:28
wordclock,1787589988.279921,2026-08-24 12:46:28
qrdisplay,1787590288.279921,2026-08-24 12:51:28
tempus,1787590588.279921,2026-08-24 12:56:28
tempus,1787590888.279921,2026-08-24 13:01:28
textdisplay,1787591188.279921,2026-08-24 13:06:28
wordclock,1787591488.279921,2026-08-24 13:11:28
wordclock,1787591788.279921,2026-08-24 13:16:28
wordclock,1787592088.279921,2026-08-24 13:21:28
textdisplay,1787592388.279921,2026-08-24 13:26:28
wordclock,1787592688.279921,2026-08-24 13:31:28
qrdisplay,1787592988.279921,2026-08-24 13:36:28
textdisplay,1787593288.279921,2026-08-24 13:41:28
qrdisplay,1787593588.279921,2026-08-24 13:46:28
qrdisplay,1787593888.279921,2026-08-24 13:51:28
tempus,1787594188.279921,2026-08-24 13:56:28
photodisplay,1787594488.279921,2026-08-24 14:01:28
photodisplay,1787594788.279921,2026-08-24 14:06:28
photodisplay,1787595088.279921,2026-08-24 14:11:28
wordclock,1787595388.279921,2026-08-24 14:16:28
wordclock,1787595688.279921,2026-08-24 14:21:28
qrdisplay,1787595988.279921,2026-08-24 14:26:28
wordclock,1787596288.279921,2026-08-24 14:31:28
textdisplay,1787596588.279921,2026-08-24 14:36:28
qrdisplay,1787596888.279921,2026-08-24 14:41:28
qrdisplay,1787597188.279921,2026-08-24 14:46:28
photodisplay,1787597488.279921,2026-08-24 14:51:28
photodisplay,1787597788.279921,2026-08-24 14:56:28
qrdisplay,1787598088.279921,2026-08-24 15:01:28
qrdisplay,1787598388.279921,2026-08-24 15:06:28
photodisplay,1787598688.279921,2026-08-24 15:11:28
wordclock,1787598988.279921,2026-08-24 15:16:28
qrdisplay,1787599288.279921,2026-08-24 15:21:28
wordclock,1787599588.279921,2026-08-24 15:26:28
tempus,1787599888.279921,2026-08-24 15:31:28
wordclock,1787600188.279921,2026-08-24 15:36:28
wordclock,1787600488.279921,2026-08-24 15:41:28
wordclock,1787600788.279921,2026-08-24 15:46:28
wordclock,1787601088.279921,2026-08-24 15:51:28
photodisplay,1787601388.279921,2026-08-24 15:56:28
wordclock,1787601688.279921,2026-08-24 16:01:28
photodisplay,1787601988.279921,2026-08-24 16:06:28
tempus,1787602288.279921,2026-08-24 16:11:28
qrdisplay,1787602588.279921,2026-08-24 16:16:28
wordclock,1787602888.279921,2026-08-24 16:21:28
textdisplay,1787603188.279921,2026-08-24 16:26:28
wordclock,1787603488.279921,2026-08-24 16:31:28
tempus,1787603788.279921,2026-08-24 16:36:28
qrdisplay,1787604088.279921,2026-08-24 16:41:28
qrdisplay,1787604388.279921,2026-08-24 16:46:28
wordclock,1787604688.279921,2026-08-24 16:51:28
wordclock,1787604988.279921,2026-08-24 16:56:28
tempus,1787605288.279921,2026-08-24 17:01:28
tempus,1787605588.279921,2026-08-24 17:06:28
textdisplay,1787605888.279921,2026-08-24 17:11:28
wordclock,1787606188.279921,2026-08-24 17:16:28
textdisplay,1787606488.279921,2026-08-24 17:21:28
qrdisplay,1787606788.279921,2026-08-24 17:26:28
qrdisplay,1787607088.279921,2026-08-24 17:31:28
textdisplay,1787607388.279921,2026-08-24 17:36:28
tempus,1787607688.279921,2026-08-24 17:41:28
wordclock,1787607988.279921,2026-08-24 17:46:28
photodisplay,1787608288.279921,2026-08-24 17:51:28
qrdisplay,1787608588.279921,2026-08-24 17:56:28
tempus,1787608888.279921,2026-08-24 18:01:28
wordclock,1787609188.279921,2026-08-24 18:06:28
textdisplay,1787609488.279921,2026-08-24 18:11:28
wordclock,1787609788.279921,2026-08-24 18:16:28
photodisplay,1787610088.279921,2026-08-24 18:21:28
qrdisplay,1787610388.279921,2026-08-24 18:26:28
wordclock,1787610688.279921,2026-08-24 18:31:28
tempus,1787610988.279921,2026-08-24 18:36:28
textdisplay,1787611288.279921,2026-08-24 18:41:28
qrdisplay,1787611588.279921,2026-08-24 18:46:28
textdisplay,1787611888.279921,2026-08-24 18:51:28
tempus,1787612188.279921,2026-08-24 18:56:28
tempus,1787612488.279921,2026-08-24 19:01:28
qrdisplay,1787612788.279921,2026-08-24 19:06:28
tempus,1787613088.279921,2026-08-24 19:11:28
qrdisplay,1787613388.279921,2026-08-24 19:16:28
textdisplay,1787613688.279921,2026-08-24 19:21:28
photodisplay,1787613988.279921,2026-08-24 19:26:28
tempus,1787614288.279921,2026-08-24 19:31:28
wordclock,1787614588.279921,2026-08-24 19:36:28
tempus,1787614888.279921,2026-08-24 19:41:28
qrdisplay,1787615188.279921,2026-08-24 19:46:28
photodisplay,1787615488.279921,2026-08-24 19:51:28
wordclock,1787615788.279921,2026-08-24 19:56:28
wordclock,1787616088.279921,2026-08-24 20:01:28
photodisplay,1787616388.279921,2026-08-24 20:06:28
photodisplay,1787616688.279921,2026-08-24 20:11:28
wordclock,1787616988.279921,2026-08-24 20:16:28
photodisplay,1787617288.279921,2026-08-24 20:21:28
photodisplay,1787617588.279921,2026-08-24 20:26:28
photodisplay,1787617888.279921,2026-08-24 20:31:28
photodisplay,1787618188.279921,2026-08-24 20:36:28
tempus,1787618488.279921,2026-08-24 20:41:28
wordclock,1787618788.279921,2026-08-24 20:46:28
wordclock,1787619088.279921,2026-08-24 20:51:28
qrdisplay,1787619388.279921,2026-08-24 20:56:28
